<?xml version="1.0" encoding="utf-8"?>
<extension type="plugin" client="site" group="content" method="upgrade">
	<name>PLG_CONTENT_MENUDATEALIASGHSVS</name>
	<author>G@HService Berlin Neukölln, Volkmar Volli Schlothauer</author>
	<creationDate>2016-08-01</creationDate>
	<copyright>(C) 2016, G@HService Berlin Neukölln, Volkmar Volli Schlothauer (ghsvs.de)</copyright>
	<license>GNU General Public License version 3 or later; see LICENSE.txt.</license>
	<authorUrl>https://www.ghsvs.de</authorUrl>
	<version>2021.09.02</version>
	<description>PLG_CONTENT_MENUDATEALIASGHSVS_XML_DESCRIPTION</description>

	<updateservers><server type="extension" priority="1" name="PLG_CONTENT_MENUDATEALIASGHSVS">https://raw.githubusercontent.com/GHSVS-de/upadateservers/master/menudatealiasghsvs-update.xml</server></updateservers>

	<changelogurl>https://raw.githubusercontent.com/GHSVS-de/upadateservers/master/menudatealiasghsvs-changelog.xml</changelogurl>

	<infourl>https://updates.ghsvs.de/changelog.php?file=menudatealiasghsvs</infourl>

	<scriptfile>installerScript.php</scriptfile>
	<minimumPhp>7.0.0</minimumPhp>
	<maximumPhp>8.9999.9999</maximumPhp>
	<minimumJoomla>3.9.0</minimumJoomla>
	<maximumJoomla>4.9999.9999</maximumJoomla>
	<allowDowngrades>1</allowDowngrades>

	<files>
		<filename plugin="menudatealiasghsvs">menudatealiasghsvs.php</filename>
		<folder>language</folder>
		<filename>installerScript.php</filename>
		<filename>LICENSE.txt</filename>
	</files>

	<config>
		<fields name="params">
			<fieldset name="basic">
				<field name="onlyNewMenuItems" type="list" default="1"
					label="PLG_CONTENT_MENUDATEALIASGHSVS_ONLYNEWMENUITEMS"
					description="PLG_CONTENT_MENUDATEALIASGHSVS_ONLYNEWMENUITEMS_DESC">
					<option value="1">JYES</option>
					<option value="0">JNO</option>
				</field>
			</fieldset>
		</fields>
	</config>

</extension>
